Error ID,Model,Task ID,Semantic Characteristics,Syntactic Characteristics,prompt_len,LOC,ast_nodes,pass_rate,run_err_rate,syn_err,gold_sim_CB,gold_sim_B,mut_sim_CB,mut_sim_B,timeout_rate,black_count,semgrep_count,invalid-name,singleton-comparison,unnecessary-lambda-assignment,non-ascii-name,disallowed-name,too-many-arguments,too-many-nested-blocks,too-many-boolean-expressions,consider-merging-isinstance,chained-comparison,broad-exception-caught,broad-exception-raised,unnecessary-lambda,Aa1,Aa2,Ab1,Ac1,Ac2,Ad1,Ad4,Ae1,Ae2,Ae3,Af1,Af2,Ag1,Ba1,Bb1,Bb2,Bc2,Bd1,Bd2,Bd3,Be4,Be1,Be5,Be6,Bf1,Bg1,Bg2
424,SantaCoder,0,Aa2 Incorrect condition,Ba1 If error,30,5,67,0.152439,0.847561,0,0.616602,0.845683,0.631567,0.857665,0.0,2.0,0.0,0,0,0,0,0,0,0,0,0,0,0,0,0,0,1,0,0,0,0,0,0,0,0,0,0,0,1,0,0,0,0,0,0,0,0,0,0,0,0,0
425,SantaCoder,1,Ae3 Wrong (logical) direction,Bg1 Incorrect code block,62,13,128,0.152439,0.847561,0,0.449697,0.483242,0.5214,0.544639,0.0,1.0,0.0,0,0,0,0,0,0,0,0,0,0,0,0,0,0,0,0,0,0,0,0,0,0,1,0,0,0,0,0,0,0,0,0,0,0,0,0,0,0,1,0
426,SantaCoder,2,Ac2 Undefined name,Bd1 Incorrect function name,40,1,20,0.152439,0.847561,0,0.653342,0.94307,0.61558,0.90467,0.0,1.0,0.0,0,0,0,0,0,0,0,0,0,0,0,0,0,0,0,0,0,1,0,0,0,0,0,0,0,0,0,0,0,0,1,0,0,0,0,0,0,0,0,0
427,SantaCoder,3,Af2 Missing multiple steps,Bg2 Missing code block,58,6,41,0.152439,0.847561,0,0.621783,0.868612,0.502334,0.589529,0.0,1.0,0.0,0,0,0,0,0,0,0,0,0,0,0,0,0,0,0,0,0,0,0,0,0,0,0,0,1,0,0,0,0,0,0,0,0,0,0,0,0,0,0,1
428,SantaCoder,4,Ad1 Incorrect arithmetic operation,Be1 Incorrect arithmetic,49,2,57,0.152439,0.847561,0,0.658881,0.882229,0.639974,0.83375,0.0,1.0,0.0,0,0,0,0,0,0,0,0,0,0,0,0,0,0,0,0,0,0,1,0,0,0,0,0,0,0,0,0,0,0,0,0,0,0,1,0,0,0,0,0
429,SantaCoder,5,Ae3 Wrong (logical) direction,Bg1 Incorrect code block,26,6,75,0.152439,0.847561,0,0.541396,0.636461,0.536282,0.665459,0.0,1.0,0.0,0,0,0,0,0,0,0,0,0,0,0,0,0,0,0,0,0,0,0,0,0,0,1,0,0,0,0,0,0,0,0,0,0,0,0,0,0,0,1,0
430,SantaCoder,6,Ae2 Meaningless code snippet,Bg1 Incorrect code block,50,12,126,0.152439,0.847561,0,0.244838,0.233917,0.288939,0.230413,0.0,1.0,0.0,0,0,0,0,0,0,0,0,0,0,0,0,0,0,0,0,0,0,0,0,0,1,0,0,0,0,0,0,0,0,0,0,0,0,0,0,0,0,1,0
431,SantaCoder,8,Ac2 Undefined name,Bd1 Incorrect function name,51,5,60,0.152439,0.847561,0,0.544202,0.794534,0.584775,0.825985,0.0,1.0,0.0,0,0,0,0,0,0,0,0,0,0,0,0,0,0,0,0,0,1,0,0,0,0,0,0,0,0,0,0,0,0,1,0,0,0,0,0,0,0,0,0
432,SantaCoder,9,Aa2 Incorrect condition,Bb1 For error,32,1,47,0.152439,0.847561,0,0.67107,0.909555,0.571941,0.750577,0.0,1.0,0.0,0,0,0,0,0,0,0,0,0,0,0,0,0,0,1,0,0,0,0,0,0,0,0,0,0,0,0,1,0,0,0,0,0,0,0,0,0,0,0,0
433,SantaCoder,9,Ac1 Wrong method/variable,Bd2 Incorrect function arguments,32,1,47,0.152439,0.847561,0,0.67107,0.909555,0.571941,0.750577,0.0,1.0,0.0,0,0,0,0,0,0,0,0,0,0,0,0,0,0,0,0,1,0,0,0,0,0,0,0,0,0,0,0,0,0,0,1,0,0,0,0,0,0,0,0
434,SantaCoder,10,Ae3 Wrong (logical) direction,Bg1 Incorrect code block,64,5,81,0.152439,0.847561,0,0.632606,0.846952,0.601098,0.75603,0.0,2.0,0.0,0,0,0,0,0,0,0,0,0,0,0,0,0,0,0,0,0,0,0,0,0,0,1,0,0,0,0,0,0,0,0,0,0,0,0,0,0,0,1,0
435,SantaCoder,11,Ac1 Wrong method/variable,Bd2 Incorrect function arguments,37,1,55,0.152439,0.847561,0,0.548005,0.707126,0.549875,0.728719,0.0,1.0,0.0,2,0,0,0,0,0,0,0,0,0,0,0,0,0,0,0,1,0,0,0,0,0,0,0,0,0,0,0,0,0,0,1,0,0,0,0,0,0,0,0
436,SantaCoder,13,Aa2 Incorrect condition,Ba1 If error,18,3,51,0.152439,0.847561,0,0.608607,0.671165,0.604826,0.825102,0.0,1.0,0.0,2,0,0,0,0,0,0,0,0,0,0,0,0,0,1,0,0,0,0,0,0,0,0,0,0,0,1,0,0,0,0,0,0,0,0,0,0,0,0,0
437,SantaCoder,14,Aa2 Incorrect condition,Bb1 For error,23,1,39,0.152439,0.847561,0,0.674154,0.927386,0.653984,0.856268,0.0,1.0,0.0,0,0,0,0,0,0,0,0,0,0,0,0,0,0,1,0,0,0,0,0,0,0,0,0,0,0,0,1,0,0,0,0,0,0,0,0,0,0,0,0
438,SantaCoder,14,Ac1 Wrong method/variable,Bc2 Incorrect return value,23,1,39,0.152439,0.847561,0,0.674154,0.927386,0.653984,0.856268,0.0,1.0,0.0,0,0,0,0,0,0,0,0,0,0,0,0,0,0,0,0,1,0,0,0,0,0,0,0,0,0,0,0,0,1,0,0,0,0,0,0,0,0,0,0
439,SantaCoder,15,Ab1 Constant value error,Bd3 Incorrect method call target,18,1,28,0.152439,0.847561,0,0.566024,0.832669,0.641778,0.934285,0.0,1.0,0.0,1,0,0,0,0,0,0,0,0,0,0,0,0,0,0,1,0,0,0,0,0,0,0,0,0,0,0,0,0,0,0,0,1,0,0,0,0,0,0,0
440,SantaCoder,15,Aa2 Incorrect condition,Bb1 For error,18,1,28,0.152439,0.847561,0,0.566024,0.832669,0.641778,0.934285,0.0,1.0,0.0,1,0,0,0,0,0,0,0,0,0,0,0,0,0,1,0,0,0,0,0,0,0,0,0,0,0,0,1,0,0,0,0,0,0,0,0,0,0,0,0
441,SantaCoder,16,Af1 Missing one step,Bd2 Incorrect function arguments,21,1,22,0.152439,0.847561,0,0.650611,0.920628,0.618023,0.788615,0.0,1.0,0.0,0,0,0,0,0,0,0,0,0,0,0,0,0,0,0,0,0,0,0,0,0,0,0,1,0,0,0,0,0,0,0,1,0,0,0,0,0,0,0,0
442,SantaCoder,17,Ae3 Wrong (logical) direction,Bg1 Incorrect code block,67,6,71,0.152439,0.847561,0,0.526575,0.680998,0.540107,0.641656,0.0,2.0,0.0,0,0,0,0,0,0,0,0,0,0,0,0,0,0,0,0,0,0,0,0,0,0,1,0,0,0,0,0,0,0,0,0,0,0,0,0,0,0,1,0
443,SantaCoder,18,Ae3 Wrong (logical) direction,Bg1 Incorrect code block,24,5,49,0.152439,0.847561,0,0.542797,0.711322,0.509392,0.62836,0.0,1.0,0.0,0,0,0,0,0,0,0,0,0,0,0,0,0,0,0,0,0,0,0,0,0,0,1,0,0,0,0,0,0,0,0,0,0,0,0,0,0,0,1,0
444,SantaCoder,19,Ae3 Wrong (logical) direction,Bg1 Incorrect code block,45,3,68,0.152439,0.847561,0,0.458126,0.488527,0.569886,0.71156,0.0,1.0,0.0,0,0,0,0,0,0,0,0,0,0,0,0,0,0,0,0,0,0,0,0,0,0,1,0,0,0,0,0,0,0,0,0,0,0,0,0,0,0,1,0
445,SantaCoder,20,Ae3 Wrong (logical) direction,Bg1 Incorrect code block,44,9,99,0.152439,0.847561,0,0.543985,0.753089,0.513361,0.633313,0.0,2.0,0.0,0,0,0,0,0,0,0,0,0,0,0,0,0,0,0,0,0,0,0,0,0,0,1,0,0,0,0,0,0,0,0,0,0,0,0,0,0,0,1,0
446,SantaCoder,21,Ad1 Incorrect arithmetic operation,Be1 Incorrect arithmetic,41,3,73,0.152439,0.847561,0,0.549431,0.766567,0.580211,0.769289,0.0,1.0,0.0,0,0,0,0,0,0,0,0,0,0,0,0,0,0,0,0,0,0,1,0,0,0,0,0,0,0,0,0,0,0,0,0,0,0,1,0,0,0,0,0
448,SantaCoder,24,Af2 Missing multiple steps,Bg2 Missing code block,21,3,38,0.152439,0.847561,0,0.500911,0.582593,0.507997,0.615539,0.0,1.0,0.0,1,0,0,0,0,0,0,0,0,0,0,0,0,0,0,0,0,0,0,0,0,0,0,0,1,0,0,0,0,0,0,0,0,0,0,0,0,0,0,1
449,SantaCoder,25,Ae3 Wrong (logical) direction,Bg1 Incorrect code block,55,12,91,0.152439,0.847561,0,0.572763,0.7631,0.600296,0.755413,0.0,2.0,0.0,1,0,0,0,0,0,0,0,0,0,0,0,0,0,0,0,0,0,0,0,0,0,1,0,0,0,0,0,0,0,0,0,0,0,0,0,0,0,1,0
450,SantaCoder,26,Ae3 Wrong (logical) direction,Bg1 Incorrect code block,35,6,73,0.152439,0.847561,0,0.503523,0.596819,0.604805,0.716939,0.0,1.0,0.0,0,0,0,0,0,0,0,0,0,0,0,0,0,0,0,0,0,0,0,0,0,0,1,0,0,0,0,0,0,0,0,0,0,0,0,0,0,0,1,0
451,SantaCoder,27,Ae3 Wrong (logical) direction,Bc2 Incorrect return value,18,1,28,0.152439,0.847561,0,0.513159,0.736542,0.529642,0.691843,0.0,1.0,0.0,0,0,0,0,0,0,0,0,0,0,0,0,0,0,0,0,0,0,0,0,0,0,1,0,0,0,0,0,0,1,0,0,0,0,0,0,0,0,0,0
452,SantaCoder,32,Ae3 Wrong (logical) direction,Bg1 Incorrect code block,93,12,159,0.152439,0.847561,0,0.574325,0.71917,0.480587,0.487587,0.0,2.0,0.0,3,0,0,0,0,0,0,0,0,0,0,0,0,0,0,0,0,0,0,0,0,0,1,0,0,0,0,0,0,0,0,0,0,0,0,0,0,0,1,0
453,SantaCoder,33,Af2 Missing multiple steps,Bg2 Missing code block,55,3,80,0.152439,0.847561,0,0.613736,0.768037,0.541468,0.59752,0.0,1.0,0.0,1,0,0,0,0,0,0,0,0,0,0,0,0,0,0,0,0,0,0,0,0,0,0,0,1,0,0,0,0,0,0,0,0,0,0,0,0,0,0,1
454,SantaCoder,36,Aa2 Incorrect condition,Bb1 For error,25,5,68,0.152439,0.847561,0,0.456575,0.619793,0.468294,0.625929,0.0,1.0,0.0,1,0,0,0,0,0,0,0,0,0,0,0,0,0,1,0,0,0,0,0,0,0,0,0,0,0,0,1,0,0,0,0,0,0,0,0,0,0,0,0
455,SantaCoder,36,Aa2 Incorrect condition,Ba1 If error,25,5,68,0.152439,0.847561,0,0.456575,0.619793,0.468294,0.625929,0.0,1.0,0.0,1,0,0,0,0,0,0,0,0,0,0,0,0,0,1,0,0,0,0,0,0,0,0,0,0,0,1,0,0,0,0,0,0,0,0,0,0,0,0,0
456,SantaCoder,36,Af2 Missing multiple steps,Bg2 Missing code block,25,5,68,0.152439,0.847561,0,0.456575,0.619793,0.468294,0.625929,0.0,1.0,0.0,1,0,0,0,0,0,0,0,0,0,0,0,0,0,0,0,0,0,0,0,0,0,0,0,1,0,0,0,0,0,0,0,0,0,0,0,0,0,0,1
457,SantaCoder,37,Ae3 Wrong (logical) direction,Bg1 Incorrect code block,46,3,80,0.152439,0.847561,0,0.64098,0.76392,0.592311,0.742025,0.0,1.0,0.0,1,0,0,0,0,0,0,0,0,0,0,0,0,0,0,0,0,0,0,0,0,0,1,0,0,0,0,0,0,0,0,0,0,0,0,0,0,0,1,0
458,SantaCoder,38,Ac1 Wrong method/variable,Be5 Incorrect variable name,84,3,189,0.152439,0.847561,0,0.683073,0.870305,0.552406,0.722718,0.0,1.0,0.0,2,0,0,0,0,0,0,0,0,0,0,0,0,0,0,0,1,0,0,0,0,0,0,0,0,0,0,0,0,0,0,0,0,0,0,1,0,0,0,0
459,SantaCoder,39,Af2 Missing multiple steps,Bg2 Missing code block,19,33,224,0.152439,0.847561,0,0.344849,0.198751,0.36293,0.402383,0.0,1.0,0.0,1,0,0,0,0,0,0,0,0,0,0,0,0,0,0,0,0,0,0,0,0,0,0,0,1,0,0,0,0,0,0,0,0,0,0,0,0,0,0,1
460,SantaCoder,39,Ac1 Wrong method/variable,Bc2 Incorrect return value,19,33,224,0.152439,0.847561,0,0.344849,0.198751,0.36293,0.402383,0.0,1.0,0.0,1,0,0,0,0,0,0,0,0,0,0,0,0,0,0,0,1,0,0,0,0,0,0,0,0,0,0,0,0,1,0,0,0,0,0,0,0,0,0,0
461,SantaCoder,40,Ae3 Wrong (logical) direction,Bg1 Incorrect code block,32,6,91,0.152439,0.847561,0,0.521485,0.639036,0.529276,0.676565,0.0,1.0,0.0,1,0,0,0,0,0,0,0,0,0,0,0,0,0,0,0,0,0,0,0,0,0,1,0,0,0,0,0,0,0,0,0,0,0,0,0,0,0,1,0
462,SantaCoder,41,Ad1 Incorrect arithmetic operation,Bc2 Incorrect return value,109,1,14,0.152439,0.847561,0,0.616389,0.970963,0.463408,0.529173,0.0,1.0,0.0,1,0,0,0,0,0,0,0,0,0,0,0,0,0,0,0,0,0,1,0,0,0,0,0,0,0,0,0,0,1,0,0,0,0,0,0,0,0,0,0
463,SantaCoder,43,Ae3 Wrong (logical) direction,Bg1 Incorrect code block,31,5,58,0.152439,0.847561,0,0.539214,0.736293,0.525712,0.675008,0.0,1.0,0.0,1,0,0,0,0,0,0,0,0,0,0,0,0,0,0,0,0,0,0,0,0,0,1,0,0,0,0,0,0,0,0,0,0,0,0,0,0,0,1,0
464,SantaCoder,44,Ae3 Wrong (logical) direction,Bg1 Incorrect code block,27,6,54,0.152439,0.847561,0,0.507407,0.712229,0.477838,0.574406,0.0,1.0,0.0,1,0,0,0,0,0,0,0,0,0,0,0,0,0,0,0,0,0,0,0,0,0,1,0,0,0,0,0,0,0,0,0,0,0,0,0,0,0,1,0
465,SantaCoder,46,Ab1 Constant value error,Bc2 Incorrect return value,67,13,105,0.152439,0.847561,0,0.548909,0.740099,0.590975,0.767988,0.0,1.0,0.0,1,0,0,0,0,0,0,0,0,0,0,0,0,0,0,1,0,0,0,0,0,0,0,0,0,0,0,0,0,1,0,0,0,0,0,0,0,0,0,0
466,SantaCoder,46,Aa1 Missing condition,Ba1 If error,67,13,105,0.152439,0.847561,0,0.548909,0.740099,0.590975,0.767988,0.0,1.0,0.0,1,0,0,0,0,0,0,0,0,0,0,0,0,1,0,0,0,0,0,0,0,0,0,0,0,0,1,0,0,0,0,0,0,0,0,0,0,0,0,0
467,SantaCoder,46,Ag1 Infinite Loop,Bg1 Incorrect code block,67,13,105,0.152439,0.847561,0,0.548909,0.740099,0.590975,0.767988,0.0,1.0,0.0,1,0,0,0,0,0,0,0,0,0,0,0,0,0,0,0,0,0,0,0,0,0,0,0,0,1,0,0,0,0,0,0,0,0,0,0,0,0,1,0
468,SantaCoder,47,Ac2 Undefined name,Bf1 Import error,12,5,74,0.152439,0.847561,0,0.445436,0.450971,0.471919,0.52932,0.0,1.0,0.0,1,0,0,0,0,0,0,0,0,0,0,0,0,0,0,0,0,1,0,0,0,0,0,0,0,0,0,0,0,0,0,0,0,0,0,0,0,1,0,0
469,SantaCoder,50,Ad1 Incorrect arithmetic operation,Bd2 Incorrect function arguments,46,1,92,0.152439,0.847561,0,0.704972,0.950149,0.665072,0.882427,0.0,1.0,0.0,2,0,0,0,0,0,0,0,0,0,0,0,0,0,0,0,0,0,1,0,0,0,0,0,0,0,0,0,0,0,0,1,0,0,0,0,0,0,0,0
470,SantaCoder,51,Ab1 Constant value error,Be4 Incorrect constant,15,1,27,0.152439,0.847561,0,0.534051,0.8265,0.628111,0.904652,0.0,1.0,0.0,0,0,0,0,0,0,0,0,0,0,0,0,0,0,0,1,0,0,0,0,0,0,0,0,0,0,0,0,0,0,0,0,0,1,0,0,0,0,0,0
471,SantaCoder,54,Ae3 Wrong (logical) direction,Bc2 Incorrect return value,14,1,24,0.152439,0.847561,0,0.673821,0.908734,0.639272,0.871365,0.0,1.0,0.0,2,0,0,0,0,0,0,0,0,0,0,0,0,0,0,0,0,0,0,0,0,0,1,0,0,0,0,0,0,1,0,0,0,0,0,0,0,0,0,0
474,SantaCoder,57,Ad4 Incorrect comparison operation,Bd2 Incorrect function arguments,14,5,84,0.152439,0.847561,0,0.587423,0.691527,0.585699,0.673134,0.0,1.0,0.0,1,0,0,0,0,0,0,0,0,0,0,0,0,0,0,0,0,0,0,1,0,0,0,0,0,0,0,0,0,0,0,1,0,0,0,0,0,0,0,0
475,SantaCoder,57,Aa1 Missing condition,Bg2 Missing code block,14,5,84,0.152439,0.847561,0,0.587423,0.691527,0.585699,0.673134,0.0,1.0,0.0,1,0,0,0,0,0,0,0,0,0,0,0,0,1,0,0,0,0,0,0,0,0,0,0,0,0,0,0,0,0,0,0,0,0,0,0,0,0,0,1
476,SantaCoder,59,Ae2 Meaningless code snippet,Bg1 Incorrect code block,19,10,144,0.152439,0.847561,1,0.080259,0.129911,0.077053,0.132784,0.0,0.0,0.0,0,0,0,0,0,0,0,0,0,0,0,0,0,0,0,0,0,0,0,0,0,1,0,0,0,0,0,0,0,0,0,0,0,0,0,0,0,0,1,0
477,SantaCoder,62,Ae3 Wrong (logical) direction,Bg1 Incorrect code block,28,1,32,0.152439,0.847561,0,0.589437,0.848722,0.59378,0.849735,0.0,1.0,0.0,1,0,0,0,0,0,0,0,0,0,0,0,0,0,0,0,0,0,0,0,0,0,1,0,0,0,0,0,0,0,0,0,0,0,0,0,0,0,1,0
479,SantaCoder,64,Ab1 Constant value error,Be4 Incorrect constant,59,4,59,0.152439,0.847561,0,0.514829,0.731507,0.585049,0.758258,0.0,2.0,0.0,1,0,0,0,0,0,0,0,0,0,0,0,0,0,0,1,0,0,0,0,0,0,0,0,0,0,0,0,0,0,0,0,0,1,0,0,0,0,0,0
480,SantaCoder,64,Af2 Missing multiple steps,Bg2 Missing code block,59,4,59,0.152439,0.847561,0,0.514829,0.731507,0.585049,0.758258,0.0,2.0,0.0,1,0,0,0,0,0,0,0,0,0,0,0,0,0,0,0,0,0,0,0,0,0,0,0,1,0,0,0,0,0,0,0,0,0,0,0,0,0,0,1
481,SantaCoder,67,Ae2 Meaningless code snippet,Bg1 Incorrect code block,120,4,61,0.152439,0.847561,1,0.152711,0.331904,0.153821,0.331493,0.0,0.0,0.0,0,0,0,0,0,0,0,0,0,0,0,0,0,0,0,0,0,0,0,0,0,1,0,0,0,0,0,0,0,0,0,0,0,0,0,0,0,0,1,0
482,SantaCoder,68,Ae3 Wrong (logical) direction,Bg1 Incorrect code block,176,5,78,0.152439,0.847561,0,0.460899,0.67693,0.370523,0.603286,0.0,2.0,0.0,0,0,0,0,0,0,0,0,0,0,0,0,0,0,0,0,0,0,0,0,0,0,1,0,0,0,0,0,0,0,0,0,0,0,0,0,0,0,1,0
483,SantaCoder,69,Ae2 Meaningless code snippet,Bg2 Missing code block,87,10,79,0.152439,0.847561,0,0.419513,0.65535,0.454149,0.712058,0.0,1.0,0.0,0,0,0,0,0,0,0,0,0,0,0,0,0,0,0,0,0,0,0,0,0,1,0,0,0,0,0,0,0,0,0,0,0,0,0,0,0,0,0,1
484,SantaCoder,70,Af2 Missing multiple steps,Bg2 Missing code block,53,9,99,0.152439,0.847561,0,0.457613,0.546956,0.526475,0.703522,0.0,1.0,0.0,0,0,0,0,0,0,0,0,0,0,0,0,0,0,0,0,0,0,0,0,0,0,0,0,1,0,0,0,0,0,0,0,0,0,0,0,0,0,0,1
485,SantaCoder,71,Ad1 Incorrect arithmetic operation,Bd2 Incorrect function arguments,68,3,95,0.152439,0.847561,0,0.592474,0.782859,0.634974,0.808246,0.0,1.0,0.0,4,0,0,0,0,0,0,0,0,0,0,0,0,0,0,0,0,0,1,0,0,0,0,0,0,0,0,0,0,0,0,1,0,0,0,0,0,0,0,0
486,SantaCoder,72,Ae2 Meaningless code snippet,Bg1 Incorrect code block,124,1,31,0.152439,0.847561,1,0.142044,0.273595,0.146535,0.276585,0.0,0.0,0.0,0,0,0,0,0,0,0,0,0,0,0,0,0,0,0,0,0,0,0,0,0,1,0,0,0,0,0,0,0,0,0,0,0,0,0,0,0,0,1,0
487,SantaCoder,73,Ae2 Meaningless code snippet,Bg1 Incorrect code block,79,5,61,0.152439,0.847561,1,0.109669,0.227971,0.10395,0.221951,0.0,0.0,0.0,0,0,0,0,0,0,0,0,0,0,0,0,0,0,0,0,0,0,0,0,0,1,0,0,0,0,0,0,0,0,0,0,0,0,0,0,0,0,1,0
488,SantaCoder,74,Ae3 Wrong (logical) direction,Bg1 Incorrect code block,84,2,60,0.152439,0.847561,0,0.566382,0.84999,0.546177,0.735874,0.0,1.0,0.0,0,0,0,0,0,0,0,0,0,0,0,0,0,0,0,0,0,0,0,0,0,0,1,0,0,0,0,0,0,0,0,0,0,0,0,0,0,0,1,0
489,SantaCoder,75,Ae3 Wrong (logical) direction,Bg1 Incorrect code block,38,12,132,0.152439,0.847561,0,0.457902,0.376365,0.48491,0.600855,0.0,1.0,0.0,1,0,0,0,0,0,0,0,0,0,0,0,0,0,0,0,0,0,0,0,0,0,1,0,0,0,0,0,0,0,0,0,0,0,0,0,0,0,1,0
490,SantaCoder,76,Ae3 Wrong (logical) direction,Bg1 Incorrect code block,66,9,94,0.152439,0.847561,0,0.496555,0.56232,0.606512,0.864462,0.24,1.0,0.0,2,0,0,0,0,0,0,0,0,0,0,0,0,0,0,0,0,0,0,0,0,0,1,0,0,0,0,0,0,0,0,0,0,0,0,0,0,0,1,0
491,SantaCoder,77,Ae3 Wrong (logical) direction,Bg1 Incorrect code block,52,2,36,0.152439,0.847561,0,0.530312,0.82513,0.54702,0.792364,0.0,1.0,0.0,1,0,0,0,0,0,0,0,0,0,0,0,0,0,0,0,0,0,0,0,0,0,1,0,0,0,0,0,0,0,0,0,0,0,0,0,0,0,1,0
492,SantaCoder,78,Ac2 Undefined name,Bd1 Incorrect function name,165,1,26,0.152439,0.847561,0,0.560834,0.924984,0.417509,0.564449,0.0,1.0,0.0,0,0,0,0,0,0,0,0,0,0,0,0,0,0,0,0,0,1,0,0,0,0,0,0,0,0,0,0,0,0,1,0,0,0,0,0,0,0,0,0
493,SantaCoder,78,Aa2 Incorrect condition,Bb1 For error,165,1,26,0.152439,0.847561,0,0.560834,0.924984,0.417509,0.564449,0.0,1.0,0.0,0,0,0,0,0,0,0,0,0,0,0,0,0,0,1,0,0,0,0,0,0,0,0,0,0,0,0,1,0,0,0,0,0,0,0,0,0,0,0,0
494,SantaCoder,79,Aa2 Incorrect condition,Bb2 While error,83,1,22,0.152439,0.847561,0,0.57651,0.825683,0.530598,0.688411,0.0,1.0,0.0,0,0,0,0,0,0,0,0,0,0,0,0,0,0,1,0,0,0,0,0,0,0,0,0,0,0,0,0,1,0,0,0,0,0,0,0,0,0,0,0
495,SantaCoder,79,Ab1 Constant value error,Bc2 Incorrect return value,83,1,22,0.152439,0.847561,0,0.57651,0.825683,0.530598,0.688411,0.0,1.0,0.0,0,0,0,0,0,0,0,0,0,0,0,0,0,0,0,1,0,0,0,0,0,0,0,0,0,0,0,0,0,1,0,0,0,0,0,0,0,0,0,0
496,SantaCoder,80,Aa2 Incorrect condition,Ba1 If error,59,5,92,0.152439,0.847561,0,0.669048,0.864526,0.614737,0.78145,0.0,1.0,0.0,1,0,0,0,0,0,0,0,0,0,0,0,0,0,1,0,0,0,0,0,0,0,0,0,0,0,1,0,0,0,0,0,0,0,0,0,0,0,0,0
497,SantaCoder,80,Ac1 Wrong method/variable,Bd1 Incorrect function name,59,5,92,0.152439,0.847561,0,0.669048,0.864526,0.614737,0.78145,0.0,1.0,0.0,1,0,0,0,0,0,0,0,0,0,0,0,0,0,0,0,1,0,0,0,0,0,0,0,0,0,0,0,0,0,1,0,0,0,0,0,0,0,0,0
498,SantaCoder,81,Aa2 Incorrect condition,Ba1 If error,131,28,119,0.152439,0.847561,0,0.441961,0.594772,0.363382,0.424609,0.0,1.0,0.0,0,0,0,0,0,0,0,0,0,0,0,0,0,0,1,0,0,0,0,0,0,0,0,0,0,0,1,0,0,0,0,0,0,0,0,0,0,0,0,0
499,SantaCoder,82,Ae3 Wrong (logical) direction,Bg1 Incorrect code block,37,3,59,0.152439,0.847561,0,0.458604,0.594772,0.48286,0.604688,0.0,1.0,0.0,0,0,0,0,0,0,0,0,0,0,0,0,0,0,0,0,0,0,0,0,0,0,1,0,0,0,0,0,0,0,0,0,0,0,0,0,0,0,1,0
500,SantaCoder,83,Ae3 Wrong (logical) direction,Bg1 Incorrect code block,25,2,26,0.152439,0.847561,0,0.47619,0.681684,0.475822,0.581137,0.0,1.0,0.0,1,0,0,0,0,0,0,0,0,0,0,0,0,0,0,0,0,0,0,0,0,0,1,0,0,0,0,0,0,0,0,0,0,0,0,0,0,0,1,0
501,SantaCoder,84,Ac1 Wrong method/variable,Bd2 Incorrect function arguments,76,2,38,0.152439,0.847561,0,0.567371,0.822114,0.630585,0.816599,0.0,1.0,0.0,1,0,0,0,0,0,0,0,0,0,0,0,0,0,0,0,1,0,0,0,0,0,0,0,0,0,0,0,0,0,0,1,0,0,0,0,0,0,0,0
502,SantaCoder,85,Aa2 Incorrect condition,Bb1 For error,27,5,49,0.152439,0.847561,0,0.584889,0.695789,0.564999,0.739332,0.0,1.0,0.0,0,0,0,0,0,0,0,0,0,0,0,0,0,0,1,0,0,0,0,0,0,0,0,0,0,0,0,1,0,0,0,0,0,0,0,0,0,0,0,0
503,SantaCoder,85,Aa2 Incorrect condition,Ba1 If error,27,5,49,0.152439,0.847561,0,0.584889,0.695789,0.564999,0.739332,0.0,1.0,0.0,0,0,0,0,0,0,0,0,0,0,0,0,0,0,1,0,0,0,0,0,0,0,0,0,0,0,1,0,0,0,0,0,0,0,0,0,0,0,0,0
504,SantaCoder,86,Ac1 Wrong method/variable,Bd2 Incorrect function arguments,78,2,46,0.152439,0.847561,0,0.584166,0.809082,0.445722,0.539614,0.0,1.0,0.0,1,0,0,0,0,0,0,0,0,0,0,0,0,0,0,0,1,0,0,0,0,0,0,0,0,0,0,0,0,0,0,1,0,0,0,0,0,0,0,0
505,SantaCoder,86,Af1 Missing one step,Bg2 Missing code block,78,2,46,0.152439,0.847561,0,0.584166,0.809082,0.445722,0.539614,0.0,1.0,0.0,1,0,0,0,0,0,0,0,0,0,0,0,0,0,0,0,0,0,0,0,0,0,0,1,0,0,0,0,0,0,0,0,0,0,0,0,0,0,0,1
506,SantaCoder,86,Ab1 Constant value error,Bd3 Incorrect method call target,78,2,46,0.152439,0.847561,0,0.584166,0.809082,0.445722,0.539614,0.0,1.0,0.0,1,0,0,0,0,0,0,0,0,0,0,0,0,0,0,1,0,0,0,0,0,0,0,0,0,0,0,0,0,0,0,0,1,0,0,0,0,0,0,0
507,SantaCoder,87,Ae3 Wrong (logical) direction,Bg1 Incorrect code block,124,5,70,0.152439,0.847561,0,0.551072,0.815632,0.523576,0.71004,0.0,2.0,0.0,1,0,0,0,0,0,0,0,0,0,0,0,0,0,0,0,0,0,0,0,0,0,1,0,0,0,0,0,0,0,0,0,0,0,0,0,0,0,1,0
508,SantaCoder,88,Aa2 Incorrect condition,Ba1 If error,96,2,43,0.152439,0.847561,0,0.560887,0.763272,0.496056,0.632126,0.0,1.0,0.0,0,0,0,0,0,0,0,0,0,0,0,0,0,0,1,0,0,0,0,0,0,0,0,0,0,0,1,0,0,0,0,0,0,0,0,0,0,0,0,0
509,SantaCoder,88,Ae3 Wrong (logical) direction,Bg1 Incorrect code block,96,2,43,0.152439,0.847561,0,0.560887,0.763272,0.496056,0.632126,0.0,1.0,0.0,0,0,0,0,0,0,0,0,0,0,0,0,0,0,0,0,0,0,0,0,0,0,1,0,0,0,0,0,0,0,0,0,0,0,0,0,0,0,1,0
510,SantaCoder,89,Af2 Missing multiple steps,Bg2 Missing code block,62,2,58,0.152439,0.847561,0,0.514039,0.687636,0.492595,0.536358,0.0,1.0,0.0,1,0,0,0,0,0,0,0,0,0,0,0,0,0,0,0,0,0,0,0,0,0,0,0,1,0,0,0,0,0,0,0,0,0,0,0,0,0,0,1
511,SantaCoder,89,Ad1 Incorrect arithmetic operation,Bd2 Incorrect function arguments,62,2,58,0.152439,0.847561,0,0.514039,0.687636,0.492595,0.536358,0.0,1.0,0.0,1,0,0,0,0,0,0,0,0,0,0,0,0,0,0,0,0,0,1,0,0,0,0,0,0,0,0,0,0,0,0,1,0,0,0,0,0,0,0,0
512,SantaCoder,90,Aa2 Incorrect condition,Ba1 If error,51,5,43,0.152439,0.847561,0,0.548906,0.824272,0.560767,0.793099,0.0,1.0,0.0,0,0,0,0,0,0,0,0,0,0,0,0,0,0,1,0,0,0,0,0,0,0,0,0,0,0,1,0,0,0,0,0,0,0,0,0,0,0,0,0
513,SantaCoder,90,Ae3 Wrong (logical) direction,Bg2 Missing code block,51,5,43,0.152439,0.847561,0,0.548906,0.824272,0.560767,0.793099,0.0,1.0,0.0,0,0,0,0,0,0,0,0,0,0,0,0,0,0,0,0,0,0,0,0,0,0,1,0,0,0,0,0,0,0,0,0,0,0,0,0,0,0,0,1
514,SantaCoder,91,Aa2 Incorrect condition,Bb1 For error,39,2,54,0.152439,0.847561,0,0.498166,0.639241,0.552615,0.773862,0.0,1.0,0.0,1,0,0,0,0,0,0,0,0,0,0,0,0,0,1,0,0,0,0,0,0,0,0,0,0,0,0,1,0,0,0,0,0,0,0,0,0,0,0,0
515,SantaCoder,91,Ab1 Constant value error,Ba1 If error,39,2,54,0.152439,0.847561,0,0.498166,0.639241,0.552615,0.773862,0.0,1.0,0.0,1,0,0,0,0,0,0,0,0,0,0,0,0,0,0,1,0,0,0,0,0,0,0,0,0,0,1,0,0,0,0,0,0,0,0,0,0,0,0,0
516,SantaCoder,92,Af2 Missing multiple steps,Bg2 Missing code block,62,2,73,0.152439,0.847561,0,0.558397,0.658244,0.567122,0.674943,0.0,1.0,0.0,3,0,0,0,0,0,0,0,0,0,0,0,0,0,0,0,0,0,0,0,0,0,0,0,1,0,0,0,0,0,0,0,0,0,0,0,0,0,0,1
517,SantaCoder,93,Ae2 Meaningless code snippet,Bg1 Incorrect code block,48,11,119,0.152439,0.847561,0,0.181752,0.150682,0.215668,0.176169,0.0,1.0,0.0,0,0,0,0,0,0,0,0,0,0,0,0,0,0,0,0,0,0,0,0,0,1,0,0,0,0,0,0,0,0,0,0,0,0,0,0,0,0,1,0
518,SantaCoder,94,Af2 Missing multiple steps,Bg2 Missing code block,150,8,139,0.152439,0.847561,0,0.500602,0.663751,0.37867,0.402242,0.0,1.0,0.0,0,0,0,0,0,0,0,0,0,0,0,0,0,0,0,0,0,0,0,0,0,0,0,0,1,0,0,0,0,0,0,0,0,0,0,0,0,0,0,1
519,SantaCoder,95,Af2 Missing multiple steps,Bg2 Missing code block,85,10,0,0.152439,0.847561,0,0.424627,0.774305,0.570383,0.775453,0.0,2.0,0.0,0,0,0,0,0,0,0,0,0,0,0,0,0,0,0,0,0,0,0,0,0,0,0,0,1,0,0,0,0,0,0,0,0,0,0,0,0,0,0,1
520,SantaCoder,96,Af2 Missing multiple steps,Bg2 Missing code block,64,8,75,0.152439,0.847561,0,0.559998,0.763337,0.419861,0.574922,0.0,1.0,0.0,1,0,0,0,0,0,0,0,0,0,0,0,0,0,0,0,0,0,0,0,0,0,0,0,1,0,0,0,0,0,0,0,0,0,0,0,0,0,0,1
521,SantaCoder,97,Ae3 Wrong (logical) direction,Bg1 Incorrect code block,50,1,36,0.152439,0.847561,0,0.571862,0.818272,0.511408,0.737185,0.0,1.0,0.0,2,0,0,0,0,0,0,0,0,0,0,0,0,0,0,0,0,0,0,0,0,0,1,0,0,0,0,0,0,0,0,0,0,0,0,0,0,0,1,0
522,SantaCoder,98,Aa1 Missing condition,Ba1 If error,30,5,41,0.152439,0.847561,0,0.49547,0.618266,0.476258,0.535862,0.0,1.0,0.0,1,0,0,0,0,0,0,0,0,0,0,0,0,1,0,0,0,0,0,0,0,0,0,0,0,0,1,0,0,0,0,0,0,0,0,0,0,0,0,0
523,SantaCoder,99,Ac1 Wrong method/variable,Bd1 Incorrect function name,80,12,77,0.152439,0.847561,0,0.496596,0.622746,0.585347,0.858726,0.0,2.0,0.0,0,0,0,0,0,0,0,0,0,0,0,0,0,0,0,0,1,0,0,0,0,0,0,0,0,0,0,0,0,0,1,0,0,0,0,0,0,0,0,0
524,SantaCoder,99,Af2 Missing multiple steps,Bg2 Missing code block,80,12,77,0.152439,0.847561,0,0.496596,0.622746,0.585347,0.858726,0.0,2.0,0.0,0,0,0,0,0,0,0,0,0,0,0,0,0,0,0,0,0,0,0,0,0,0,0,0,1,0,0,0,0,0,0,0,0,0,0,0,0,0,0,1
525,SantaCoder,100,Ae3 Wrong (logical) direction,Bc2 Incorrect return value,77,5,43,0.152439,0.847561,0,0.518752,0.818961,0.563415,0.818088,0.0,1.0,0.0,1,0,0,0,0,0,0,0,0,0,0,0,0,0,0,0,0,0,0,0,0,0,1,0,0,0,0,0,0,1,0,0,0,0,0,0,0,0,0,0
526,SantaCoder,101,Af2 Missing multiple steps,Bg2 Missing code block,58,2,33,0.152439,0.847561,0,0.531731,0.793591,0.597503,0.848894,0.0,1.0,0.0,1,0,0,0,0,0,0,0,0,0,0,0,0,0,0,0,0,0,0,0,0,0,0,0,1,0,0,0,0,0,0,0,0,0,0,0,0,0,0,1
527,SantaCoder,102,Aa2 Incorrect condition,Ba1 If error,50,3,57,0.152439,0.847561,0,0.53118,0.726315,0.483519,0.663778,0.0,2.0,0.0,2,0,0,0,0,0,0,0,0,0,0,0,0,0,1,0,0,0,0,0,0,0,0,0,0,0,1,0,0,0,0,0,0,0,0,0,0,0,0,0
528,SantaCoder,102,Ac2 Undefined name,Bd1 Incorrect function name,50,3,57,0.152439,0.847561,0,0.53118,0.726315,0.483519,0.663778,0.0,2.0,0.0,2,0,0,0,0,0,0,0,0,0,0,0,0,0,0,0,0,1,0,0,0,0,0,0,0,0,0,0,0,0,1,0,0,0,0,0,0,0,0,0
529,SantaCoder,103,Ac1 Wrong method/variable,Bd1 Incorrect function name,69,3,39,0.152439,0.847561,0,0.615482,0.902665,0.470885,0.607742,0.0,2.0,0.0,2,0,0,0,0,0,0,0,0,0,0,0,0,0,0,0,1,0,0,0,0,0,0,0,0,0,0,0,0,0,1,0,0,0,0,0,0,0,0,0
530,SantaCoder,103,Ad1 Incorrect arithmetic operation,Bd2 Incorrect function arguments,69,3,39,0.152439,0.847561,0,0.615482,0.902665,0.470885,0.607742,0.0,2.0,0.0,2,0,0,0,0,0,0,0,0,0,0,0,0,0,0,0,0,0,1,0,0,0,0,0,0,0,0,0,0,0,0,1,0,0,0,0,0,0,0,0
531,SantaCoder,104,Ae3 Wrong (logical) direction,Bg1 Incorrect code block,34,6,47,0.152439,0.847561,0,0.516776,0.709002,0.506838,0.732887,0.0,1.0,0.0,1,0,0,0,0,0,0,0,0,0,0,0,0,0,0,0,0,0,0,0,0,0,1,0,0,0,0,0,0,0,0,0,0,0,0,0,0,0,1,0
532,SantaCoder,105,Ac2 Undefined name,Bd1 Incorrect function name,117,24,128,0.152439,0.847561,0,0.453262,0.624159,0.553301,0.797866,0.0,1.0,0.0,0,0,0,0,0,0,0,0,0,0,0,0,0,0,0,0,0,1,0,0,0,0,0,0,0,0,0,0,0,0,1,0,0,0,0,0,0,0,0,0
533,SantaCoder,105,Af2 Missing multiple steps,Bg2 Missing code block,117,24,128,0.152439,0.847561,0,0.453262,0.624159,0.553301,0.797866,0.0,1.0,0.0,0,0,0,0,0,0,0,0,0,0,0,0,0,0,0,0,0,0,0,0,0,0,0,0,1,0,0,0,0,0,0,0,0,0,0,0,0,0,0,1
534,SantaCoder,106,Af2 Missing multiple steps,Bg2 Missing code block,78,10,115,0.152439,0.847561,0,0.517078,0.581834,0.505048,0.646635,0.78,1.0,0.0,2,0,0,0,0,0,0,0,0,0,0,0,0,0,0,0,0,0,0,0,0,0,0,0,1,0,0,0,0,0,0,0,0,0,0,0,0,0,0,1
535,SantaCoder,106,Ae3 Wrong (logical) direction,Bc2 Incorrect return value,78,10,115,0.152439,0.847561,0,0.517078,0.581834,0.505048,0.646635,0.78,1.0,0.0,2,0,0,0,0,0,0,0,0,0,0,0,0,0,0,0,0,0,0,0,0,0,1,0,0,0,0,0,0,1,0,0,0,0,0,0,0,0,0,0
536,SantaCoder,107,Ae3 Wrong (logical) direction,Bg1 Incorrect code block,105,8,74,0.152439,0.847561,0,0.510073,0.762839,0.384809,0.481278,0.0,1.0,0.0,1,0,0,0,0,0,0,0,0,0,0,0,0,0,0,0,0,0,0,0,0,0,1,0,0,0,0,0,0,0,0,0,0,0,0,0,0,0,1,0
537,SantaCoder,108,Ae3 Wrong (logical) direction,Bg1 Incorrect code block,49,10,104,0.152439,0.847561,0,0.471037,0.493202,0.551354,0.747039,0.0,1.0,0.0,0,0,0,0,0,0,0,0,0,0,0,0,0,0,0,0,0,0,0,0,0,0,1,0,0,0,0,0,0,0,0,0,0,0,0,0,0,0,1,0
538,SantaCoder,109,Ae2 Meaningless code snippet,Bg1 Incorrect code block,197,6,60,0.152439,0.847561,1,0.188187,0.407414,0.14889,0.316184,0.0,0.0,0.0,0,0,0,0,0,0,0,0,0,0,0,0,0,0,0,0,0,0,0,0,0,1,0,0,0,0,0,0,0,0,0,0,0,0,0,0,0,0,1,0
539,SantaCoder,110,Ae3 Wrong (logical) direction,Bg1 Incorrect code block,115,3,67,0.152439,0.847561,0,0.509079,0.758704,0.540333,0.712806,0.0,1.0,0.0,0,0,0,0,0,0,0,0,0,0,0,0,0,0,0,0,0,0,0,0,0,0,1,0,0,0,0,0,0,0,0,0,0,0,0,0,0,0,1,0
540,SantaCoder,111,Ac2 Undefined name,Bd1 Incorrect function name,77,15,150,0.152439,0.847561,0,0.430522,0.465371,0.470588,0.639915,0.0,1.0,0.0,0,0,0,0,0,0,0,0,0,0,0,0,0,0,0,0,0,1,0,0,0,0,0,0,0,0,0,0,0,0,1,0,0,0,0,0,0,0,0,0
541,SantaCoder,112,Ac1 Wrong method/variable,Bc2 Incorrect return value,100,2,45,0.152439,0.847561,0,0.580096,0.855591,0.513007,0.624899,0.0,1.0,0.0,2,0,0,0,0,0,0,0,0,0,0,0,0,0,0,0,1,0,0,0,0,0,0,0,0,0,0,0,0,1,0,0,0,0,0,0,0,0,0,0
542,SantaCoder,113,Ab1 Constant value error,Bc2 Incorrect return value,60,5,71,0.152439,0.847561,0,0.511713,0.718565,0.468888,0.645432,0.0,1.0,0.0,0,0,0,0,0,0,0,0,0,0,0,0,0,0,0,1,0,0,0,0,0,0,0,0,0,0,0,0,0,1,0,0,0,0,0,0,0,0,0,0
543,SantaCoder,113,Af2 Missing multiple steps,Bg2 Missing code block,60,5,71,0.152439,0.847561,0,0.511713,0.718565,0.468888,0.645432,0.0,1.0,0.0,0,0,0,0,0,0,0,0,0,0,0,0,0,0,0,0,0,0,0,0,0,0,0,0,1,0,0,0,0,0,0,0,0,0,0,0,0,0,0,1
544,SantaCoder,113,Aa2 Incorrect condition,Bb1 For error,60,5,71,0.152439,0.847561,0,0.511713,0.718565,0.468888,0.645432,0.0,1.0,0.0,0,0,0,0,0,0,0,0,0,0,0,0,0,0,1,0,0,0,0,0,0,0,0,0,0,0,0,1,0,0,0,0,0,0,0,0,0,0,0,0
545,SantaCoder,114,Ae2 Meaningless code snippet,Bg1 Incorrect code block,35,7,72,0.152439,0.847561,1,0.073863,0.127031,0.081594,0.14348,0.0,0.0,0.0,0,0,0,0,0,0,0,0,0,0,0,0,0,0,0,0,0,0,0,0,0,1,0,0,0,0,0,0,0,0,0,0,0,0,0,0,0,0,1,0
546,SantaCoder,115,Ae2 Meaningless code snippet,Bg1 Incorrect code block,160,8,76,0.152439,0.847561,0,0.345634,0.436415,0.286271,0.274326,0.0,2.0,0.0,0,0,0,0,0,0,0,0,0,0,0,0,2,0,0,0,0,0,0,0,0,1,0,0,0,0,0,0,0,0,0,0,0,0,0,0,0,0,1,0
547,SantaCoder,116,Af2 Missing multiple steps,Bg2 Missing code block,44,7,101,0.152439,0.847561,0,0.494388,0.620924,0.592759,0.782207,0.0,1.0,0.0,0,0,0,0,0,0,0,0,0,0,0,0,0,0,0,0,0,0,0,0,0,0,0,0,1,0,0,0,0,0,0,0,0,0,0,0,0,0,0,1
548,SantaCoder,117,Aa2 Incorrect condition,Ba1 If error,104,6,67,0.152439,0.847561,0,0.541148,0.784417,0.503634,0.702147,0.0,1.0,0.0,2,0,0,0,0,0,0,0,0,0,0,0,0,0,1,0,0,0,0,0,0,0,0,0,0,0,1,0,0,0,0,0,0,0,0,0,0,0,0,0
549,SantaCoder,118,Ae3 Wrong (logical) direction,Bg1 Incorrect code block,75,6,86,0.152439,0.847561,0,0.503806,0.700928,0.436755,0.508262,0.0,2.0,0.0,0,0,0,0,0,0,0,0,0,0,0,0,0,0,0,0,0,0,0,0,0,0,1,0,0,0,0,0,0,0,0,0,0,0,0,0,0,0,1,0
550,SantaCoder,119,Af2 Missing multiple steps,Bg2 Missing code block,95,7,91,0.152439,0.847561,0,0.511435,0.712482,0.564325,0.760679,0.0,2.0,0.0,1,0,0,0,0,0,0,0,0,0,0,0,0,0,0,0,0,0,0,0,0,0,0,0,1,0,0,0,0,0,0,0,0,0,0,0,0,0,0,1
551,SantaCoder,120,Ac1 Wrong method/variable,Bc2 Incorrect return value,103,1,27,0.152439,0.847561,0,0.580022,0.911417,0.599228,0.86746,0.0,2.0,0.0,0,0,0,0,0,0,0,0,0,0,0,0,0,0,0,0,1,0,0,0,0,0,0,0,0,0,0,0,0,1,0,0,0,0,0,0,0,0,0,0
552,SantaCoder,120,Af2 Missing multiple steps,Bd1 Incorrect function name,103,1,27,0.152439,0.847561,0,0.580022,0.911417,0.599228,0.86746,0.0,2.0,0.0,0,0,0,0,0,0,0,0,0,0,0,0,0,0,0,0,0,0,0,0,0,0,0,0,1,0,0,0,0,0,1,0,0,0,0,0,0,0,0,0
553,SantaCoder,121,Aa2 Incorrect condition,Ba1 If error,44,1,50,0.152439,0.847561,0,0.668646,0.914584,0.577069,0.770963,0.0,1.0,0.0,0,0,0,0,0,0,0,0,0,0,0,0,0,0,1,0,0,0,0,0,0,0,0,0,0,0,1,0,0,0,0,0,0,0,0,0,0,0,0,0
554,SantaCoder,122,Ad1 Incorrect arithmetic operation,Bc2 Incorrect return value,65,4,70,0.152439,0.847561,0,0.502828,0.650915,0.55362,0.771466,0.0,1.0,0.0,0,0,0,0,0,0,0,0,0,0,0,0,0,0,0,0,0,0,1,0,0,0,0,0,0,0,0,0,0,1,0,0,0,0,0,0,0,0,0,0
555,SantaCoder,122,Af2 Missing multiple steps,Bg2 Missing code block,65,4,70,0.152439,0.847561,0,0.502828,0.650915,0.55362,0.771466,0.0,1.0,0.0,0,0,0,0,0,0,0,0,0,0,0,0,0,0,0,0,0,0,0,0,0,0,0,0,1,0,0,0,0,0,0,0,0,0,0,0,0,0,0,1
556,SantaCoder,123,Ae3 Wrong (logical) direction,Bg1 Incorrect code block,142,6,80,0.152439,0.847561,0,0.526263,0.785032,0.507585,0.675012,0.34,2.0,0.0,1,0,0,0,0,0,0,0,0,0,0,0,0,0,0,0,0,0,0,0,0,0,1,0,0,0,0,0,0,0,0,0,0,0,0,0,0,0,1,0
557,SantaCoder,124,Aa2 Incorrect condition,Ba1 If error,158,9,164,0.152439,0.847561,0,0.465402,0.582909,0.480528,0.621176,0.0,2.0,0.0,0,0,0,0,0,0,0,0,0,0,0,0,0,0,1,0,0,0,0,0,0,0,0,0,0,0,1,0,0,0,0,0,0,0,0,0,0,0,0,0
558,SantaCoder,124,Ac2 Undefined name,Bf1 Import error,158,9,164,0.152439,0.847561,0,0.465402,0.582909,0.480528,0.621176,0.0,2.0,0.0,0,0,0,0,0,0,0,0,0,0,0,0,0,0,0,0,0,1,0,0,0,0,0,0,0,0,0,0,0,0,0,0,0,0,0,0,0,1,0,0
559,SantaCoder,124,Af2 Missing multiple steps,Bg2 Missing code block,158,9,164,0.152439,0.847561,0,0.465402,0.582909,0.480528,0.621176,0.0,2.0,0.0,0,0,0,0,0,0,0,0,0,0,0,0,0,0,0,0,0,0,0,0,0,0,0,0,1,0,0,0,0,0,0,0,0,0,0,0,0,0,0,1
560,SantaCoder,125,Af2 Missing multiple steps,Bg2 Missing code block,70,7,90,0.152439,0.847561,0,0.474009,0.562701,0.601899,0.803402,0.0,1.0,0.0,0,0,0,0,0,0,0,0,0,0,0,0,0,0,0,0,0,0,0,0,0,0,0,0,1,0,0,0,0,0,0,0,0,0,0,0,0,0,0,1
561,SantaCoder,126,Af2 Missing multiple steps,Bg2 Missing code block,98,6,63,0.152439,0.847561,0,0.543381,0.834035,0.61686,0.878141,0.0,2.0,0.0,0,0,0,0,0,0,0,0,0,0,0,0,0,0,0,0,0,0,0,0,0,0,0,0,1,0,0,0,0,0,0,0,0,0,0,0,0,0,0,1
562,SantaCoder,127,Ae3 Wrong (logical) direction,Bg1 Incorrect code block,143,5,117,0.152439,0.847561,0,0.541958,0.790036,0.488359,0.721781,0.0,2.0,0.0,0,0,0,0,0,0,0,0,0,0,0,0,0,0,0,0,0,0,0,0,0,0,1,0,0,0,0,0,0,0,0,0,0,0,0,0,0,0,1,0
563,SantaCoder,128,Ad1 Incorrect arithmetic operation,Bd2 Incorrect function arguments,46,7,68,0.152439,0.847561,0,0.515432,0.715788,0.541279,0.792001,0.0,1.0,0.0,0,0,0,0,0,0,0,0,0,0,0,0,0,0,0,0,0,0,1,0,0,0,0,0,0,0,0,0,0,0,0,1,0,0,0,0,0,0,0,0
564,SantaCoder,128,Af1 Missing one step,Bg2 Missing code block,46,7,68,0.152439,0.847561,0,0.515432,0.715788,0.541279,0.792001,0.0,1.0,0.0,0,0,0,0,0,0,0,0,0,0,0,0,0,0,0,0,0,0,0,0,0,0,0,1,0,0,0,0,0,0,0,0,0,0,0,0,0,0,0,1
565,SantaCoder,129,Ae3 Wrong (logical) direction,Bg1 Incorrect code block,251,12,216,0.152439,0.847561,0,0.548785,0.780347,0.424214,0.455394,0.0,2.0,0.0,4,0,0,0,0,0,0,0,0,0,0,0,0,0,0,0,0,0,0,0,0,0,1,0,0,0,0,0,0,0,0,0,0,0,0,0,0,0,1,0
566,SantaCoder,130,Ab1 Constant value error,Bc2 Incorrect return value,117,9,107,0.152439,0.847561,0,0.567149,0.777077,0.59824,0.824943,0.0,1.0,0.0,1,0,0,0,0,0,0,0,0,0,0,0,0,0,0,1,0,0,0,0,0,0,0,0,0,0,0,0,0,1,0,0,0,0,0,0,0,0,0,0
567,SantaCoder,130,Ag1 Infinite Loop,Bg1 Incorrect code block,117,9,107,0.152439,0.847561,0,0.567149,0.777077,0.59824,0.824943,0.0,1.0,0.0,1,0,0,0,0,0,0,0,0,0,0,0,0,0,0,0,0,0,0,0,0,0,0,0,0,1,0,0,0,0,0,0,0,0,0,0,0,0,1,0
568,SantaCoder,131,Ad1 Incorrect arithmetic operation,Bc2 Incorrect return value,33,6,59,0.152439,0.847561,0,0.441489,0.585929,0.491857,0.683492,0.0,1.0,0.0,1,0,0,0,0,0,0,0,0,0,0,0,0,0,0,0,0,0,1,0,0,0,0,0,0,0,0,0,0,1,0,0,0,0,0,0,0,0,0,0
569,SantaCoder,132,Ab1 Constant value error,Bd1 Incorrect function name,55,14,99,0.152439,0.847561,0,0.482257,0.65669,0.477745,0.571935,0.0,1.0,0.0,0,0,0,0,0,0,0,0,0,0,0,0,0,0,0,1,0,0,0,0,0,0,0,0,0,0,0,0,0,0,1,0,0,0,0,0,0,0,0,0
570,SantaCoder,132,Af2 Missing multiple steps,Bg2 Missing code block,55,14,99,0.152439,0.847561,0,0.482257,0.65669,0.477745,0.571935,0.0,1.0,0.0,0,0,0,0,0,0,0,0,0,0,0,0,0,0,0,0,0,0,0,0,0,0,0,0,1,0,0,0,0,0,0,0,0,0,0,0,0,0,0,1
571,SantaCoder,133,Af2 Missing multiple steps,Bg2 Missing code block,90,2,30,0.152439,0.847561,0,0.632661,0.930643,0.561266,0.877913,0.0,1.0,0.0,0,0,0,0,0,0,0,0,0,0,0,0,0,0,0,0,0,0,0,0,0,0,0,0,1,0,0,0,0,0,0,0,0,0,0,0,0,0,0,1
572,SantaCoder,134,Aa1 Missing condition,Ba1 If error,59,4,66,0.152439,0.847561,0,0.526993,0.64358,0.555348,0.812383,0.0,1.0,0.0,0,0,0,0,0,0,0,0,0,0,0,0,0,1,0,0,0,0,0,0,0,0,0,0,0,0,1,0,0,0,0,0,0,0,0,0,0,0,0,0
573,SantaCoder,135,Ae2 Meaningless code snippet,Bg2 Missing code block,56,4,51,0.152439,0.847561,0,0.41794,0.634652,0.471701,0.680056,0.0,1.0,0.0,0,0,0,0,0,0,0,0,0,0,0,0,0,0,0,0,0,0,0,0,0,1,0,0,0,0,0,0,0,0,0,0,0,0,0,0,0,0,0,1
574,SantaCoder,136,Af2 Missing multiple steps,Bg2 Missing code block,60,3,73,0.152439,0.847561,0,0.516013,0.724359,0.441209,0.553522,0.0,1.0,0.0,2,0,0,0,0,0,0,0,0,0,0,0,0,0,0,0,0,0,0,0,0,0,0,0,1,0,0,0,0,0,0,0,0,0,0,0,0,0,0,1
575,SantaCoder,137,Ae3 Wrong (logical) direction,Bg1 Incorrect code block,70,9,97,0.152439,0.847561,0,0.456124,0.576263,0.487998,0.6456,0.0,1.0,0.0,2,0,0,0,0,0,0,0,0,0,0,0,0,0,0,0,0,0,0,0,0,0,1,0,0,0,0,0,0,0,0,0,0,0,0,0,0,0,1,0
576,SantaCoder,138,Ae3 Wrong (logical) direction,Bg1 Incorrect code block,31,1,22,0.152439,0.847561,0,0.503712,0.723765,0.48571,0.64881,0.0,1.0,0.0,1,0,0,0,0,0,0,0,0,0,0,0,0,0,0,0,0,0,0,0,0,0,1,0,0,0,0,0,0,0,0,0,0,0,0,0,0,0,1,0
577,SantaCoder,139,Ad1 Incorrect arithmetic operation,Bc2 Incorrect return value,39,5,44,0.152439,0.847561,0,0.492805,0.753417,0.577737,0.778736,0.0,1.0,0.0,1,0,0,0,0,0,0,0,0,0,0,0,0,0,0,0,0,0,1,0,0,0,0,0,0,0,0,0,0,1,0,0,0,0,0,0,0,0,0,0
578,SantaCoder,140,Ac2 Undefined name,Bf1 Import error,46,4,51,0.152439,0.847561,0,0.473738,0.651158,0.608006,0.782022,0.0,1.0,0.0,0,0,0,0,0,0,0,0,0,0,0,0,0,0,0,0,0,1,0,0,0,0,0,0,0,0,0,0,0,0,0,0,0,0,0,0,0,1,0,0
579,SantaCoder,140,Af2 Missing multiple steps,Bg2 Missing code block,46,4,51,0.152439,0.847561,0,0.473738,0.651158,0.608006,0.782022,0.0,1.0,0.0,0,0,0,0,0,0,0,0,0,0,0,0,0,0,0,0,0,0,0,0,0,0,0,0,1,0,0,0,0,0,0,0,0,0,0,0,0,0,0,1
580,SantaCoder,141,Ae2 Meaningless code snippet,Bg1 Incorrect code block,127,8,98,0.152439,0.847561,1,0.188735,0.393829,0.150346,0.310239,0.0,0.0,0.0,0,0,0,0,0,0,0,0,0,0,0,0,0,0,0,0,0,0,0,0,0,1,0,0,0,0,0,0,0,0,0,0,0,0,0,0,0,0,1,0
581,SantaCoder,142,Aa2 Incorrect condition,Bb1 For error,112,9,67,0.152439,0.847561,0,0.619355,0.857933,0.604055,0.809339,0.0,1.0,0.0,0,0,0,0,0,0,0,0,0,0,0,0,0,0,1,0,0,0,0,0,0,0,0,0,0,0,0,1,0,0,0,0,0,0,0,0,0,0,0,0
582,SantaCoder,142,Af1 Missing one step,Bg2 Missing code block,112,9,67,0.152439,0.847561,0,0.619355,0.857933,0.604055,0.809339,0.0,1.0,0.0,0,0,0,0,0,0,0,0,0,0,0,0,0,0,0,0,0,0,0,0,0,0,0,1,0,0,0,0,0,0,0,0,0,0,0,0,0,0,0,1
583,SantaCoder,143,Ac1 Wrong method/variable,Bd2 Incorrect function arguments,87,3,78,0.152439,0.847561,0,0.486372,0.64052,0.434263,0.484262,0.0,1.0,0.0,0,0,0,0,0,0,0,0,0,0,0,0,0,0,0,0,1,0,0,0,0,0,0,0,0,0,0,0,0,0,0,1,0,0,0,0,0,0,0,0
584,SantaCoder,143,Af2 Missing multiple steps,Bg2 Missing code block,87,3,78,0.152439,0.847561,0,0.486372,0.64052,0.434263,0.484262,0.0,1.0,0.0,0,0,0,0,0,0,0,0,0,0,0,0,0,0,0,0,0,0,0,0,0,0,0,0,1,0,0,0,0,0,0,0,0,0,0,0,0,0,0,1
585,SantaCoder,144,Ae2 Meaningless code snippet,Bg2 Missing code block,94,7,85,0.152439,0.847561,0,0.416224,0.616629,0.340263,0.531637,0.0,1.0,0.0,2,0,0,0,0,0,0,0,0,0,0,0,0,0,0,0,0,0,0,0,0,1,0,0,0,0,0,0,0,0,0,0,0,0,0,0,0,0,0,1
586,SantaCoder,145,Ac1 Wrong method/variable,Bd2 Incorrect function arguments,46,10,92,0.152439,0.847561,0,0.498257,0.599604,0.526298,0.733008,0.0,1.0,0.0,0,0,0,0,0,0,0,0,0,0,0,0,0,0,0,0,1,0,0,0,0,0,0,0,0,0,0,0,0,0,0,1,0,0,0,0,0,0,0,0
587,SantaCoder,145,Af2 Missing multiple steps,Bg2 Missing code block,46,10,92,0.152439,0.847561,0,0.498257,0.599604,0.526298,0.733008,0.0,1.0,0.0,0,0,0,0,0,0,0,0,0,0,0,0,0,0,0,0,0,0,0,0,0,0,0,0,1,0,0,0,0,0,0,0,0,0,0,0,0,0,0,1
588,SantaCoder,146,Aa2 Incorrect condition,Ba1 If error,60,5,70,0.152439,0.847561,0,0.492346,0.615362,0.466059,0.604099,0.0,1.0,0.0,1,0,0,0,0,0,0,0,0,0,0,0,0,0,1,0,0,0,0,0,0,0,0,0,0,0,1,0,0,0,0,0,0,0,0,0,0,0,0,0
589,SantaCoder,147,Ae3 Wrong (logical) direction,Bg1 Incorrect code block,86,4,91,0.152439,0.847561,0,0.496328,0.676934,0.574471,0.741409,0.0,1.0,0.0,1,0,0,0,0,0,0,0,0,0,0,0,0,0,0,0,0,0,0,0,0,0,1,0,0,0,0,0,0,0,0,0,0,0,0,0,0,0,1,0
590,SantaCoder,148,Ae2 Meaningless code snippet,Bg2 Missing code block,108,5,98,0.152439,0.847561,0,0.412136,0.61785,0.380676,0.587922,0.0,1.0,0.0,1,0,0,0,0,0,0,0,0,0,0,0,0,0,0,0,0,0,0,0,0,1,0,0,0,0,0,0,0,0,0,0,0,0,0,0,0,0,0,1
591,SantaCoder,149,Ac1 Wrong method/variable,Bd2 Incorrect function arguments,124,4,86,0.152439,0.847561,0,0.441895,0.644931,0.468981,0.641641,0.0,1.0,0.0,0,0,0,0,0,0,0,0,0,0,0,0,0,0,0,0,1,0,0,0,0,0,0,0,0,0,0,0,0,0,0,1,0,0,0,0,0,0,0,0
592,SantaCoder,149,Af2 Missing multiple steps,Bg2 Missing code block,124,4,86,0.152439,0.847561,0,0.441895,0.644931,0.468981,0.641641,0.0,1.0,0.0,0,0,0,0,0,0,0,0,0,0,0,0,0,0,0,0,0,0,0,0,0,0,0,0,1,0,0,0,0,0,0,0,0,0,0,0,0,0,0,1
593,SantaCoder,150,Aa2 Incorrect condition,Ba1 If error,42,3,63,0.152439,0.847561,0,0.49046,0.556605,0.626785,0.83201,0.0,1.0,0.0,3,0,0,0,0,0,0,0,0,0,0,0,0,0,1,0,0,0,0,0,0,0,0,0,0,0,1,0,0,0,0,0,0,0,0,0,0,0,0,0
594,SantaCoder,151,Af1 Missing one step,Bg2 Missing code block,60,5,51,0.152439,0.847561,0,0.499028,0.759552,0.52448,0.787048,0.0,1.0,0.0,0,0,0,0,0,0,0,0,0,0,0,0,0,0,0,0,0,0,0,0,0,0,0,1,0,0,0,0,0,0,0,0,0,0,0,0,0,0,0,1
595,SantaCoder,153,Af2 Missing multiple steps,Bg2 Missing code block,159,10,97,0.152439,0.847561,0,0.518489,0.724593,0.357897,0.423122,0.0,1.0,0.0,1,0,0,0,0,0,0,0,0,0,0,0,0,0,0,0,0,0,0,0,0,0,0,0,1,0,0,0,0,0,0,0,0,0,0,0,0,0,0,1
596,SantaCoder,154,Ae3 Wrong (logical) direction,Bg1 Incorrect code block,54,8,61,0.152439,0.847561,0,0.56842,0.756198,0.501761,0.628361,0.0,2.0,0.0,2,0,0,0,0,0,0,0,0,0,0,0,0,0,0,0,0,0,0,0,0,0,1,0,0,0,0,0,0,0,0,0,0,0,0,0,0,0,1,0
597,SantaCoder,155,Ae3 Wrong (logical) direction,Bg1 Incorrect code block,28,5,54,0.152439,0.847561,0,0.460779,0.636169,0.403971,0.496954,0.0,1.0,0.0,0,0,0,0,0,0,0,0,0,0,0,0,0,0,0,0,0,0,0,0,0,0,1,0,0,0,0,0,0,0,0,0,0,0,0,0,0,0,1,0
598,SantaCoder,156,Ab1 Constant value error,Be4 Incorrect constant,25,9,127,0.152439,0.847561,0,0.311156,0.306796,0.429732,0.512871,0.0,1.0,0.0,0,0,0,0,0,0,0,0,0,0,0,0,0,0,0,1,0,0,0,0,0,0,0,0,0,0,0,0,0,0,0,0,0,1,0,0,0,0,0,0
599,SantaCoder,156,Ae3 Wrong (logical) direction,Bg1 Incorrect code block,25,9,127,0.152439,0.847561,0,0.311156,0.306796,0.429732,0.512871,0.0,1.0,0.0,0,0,0,0,0,0,0,0,0,0,0,0,0,0,0,0,0,0,0,0,0,0,1,0,0,0,0,0,0,0,0,0,0,0,0,0,0,0,1,0
600,SantaCoder,157,Ae3 Wrong (logical) direction,Bg1 Incorrect code block,56,1,68,0.152439,0.847561,0,0.485683,0.659447,0.494147,0.665842,0.0,1.0,0.0,3,0,0,0,0,0,0,0,0,0,0,0,0,0,0,0,0,0,0,0,0,0,1,0,0,0,0,0,0,0,0,0,0,0,0,0,0,0,1,0
601,SantaCoder,158,Ae3 Wrong (logical) direction,Bg1 Incorrect code block,59,6,72,0.152439,0.847561,0,0.495255,0.720409,0.428782,0.481649,0.0,1.0,0.0,0,0,0,0,0,0,0,0,0,0,0,0,0,0,0,0,0,0,0,0,0,0,1,0,0,0,0,0,0,0,0,0,0,0,0,0,0,0,1,0
602,SantaCoder,159,Ae3 Wrong (logical) direction,Bg1 Incorrect code block,144,4,40,0.152439,0.847561,0,0.645142,0.933901,0.607425,0.901975,0.0,1.0,0.0,0,0,0,0,0,0,0,0,0,0,0,0,0,0,0,0,0,0,0,0,0,0,1,0,0,0,0,0,0,0,0,0,0,0,0,0,0,0,1,0
603,SantaCoder,160,Ae3 Wrong (logical) direction,Bg1 Incorrect code block,107,5,63,0.152439,0.847561,0,0.511118,0.793374,0.476821,0.554033,0.0,2.0,0.0,0,0,0,0,0,0,0,0,0,0,0,0,0,0,0,0,0,0,0,0,0,0,1,0,0,0,0,0,0,0,0,0,0,0,0,0,0,0,1,0
604,SantaCoder,161,Aa1 Missing condition,Ba1 If error,59,8,61,0.152439,0.847561,0,0.473132,0.709744,0.526535,0.749018,0.0,1.0,0.0,1,0,0,0,0,0,0,0,0,0,0,0,0,1,0,0,0,0,0,0,0,0,0,0,0,0,1,0,0,0,0,0,0,0,0,0,0,0,0,0
605,SantaCoder,161,Af1 Missing one step,Bg2 Missing code block,59,8,61,0.152439,0.847561,0,0.473132,0.709744,0.526535,0.749018,0.0,1.0,0.0,1,0,0,0,0,0,0,0,0,0,0,0,0,0,0,0,0,0,0,0,0,0,0,1,0,0,0,0,0,0,0,0,0,0,0,0,0,0,0,1
606,SantaCoder,162,Af1 Missing one step,Bf1 Import error,21,5,42,0.152439,0.847561,0,0.582216,0.742338,0.650668,0.890089,0.0,1.0,0.0,0,0,0,0,0,0,0,0,0,0,0,0,0,0,0,0,0,0,0,0,0,0,0,1,0,0,0,0,0,0,0,0,0,0,0,0,0,1,0,0
607,SantaCoder,163,Aa2 Incorrect condition,Bb1 For error,41,2,56,0.152439,0.847561,0,0.628003,0.815585,0.619447,0.78833,0.08,1.0,0.0,2,0,0,0,0,0,0,0,0,0,0,0,0,0,1,0,0,0,0,0,0,0,0,0,0,0,0,1,0,0,0,0,0,0,0,0,0,0,0,0
608,SantaCoder,163,Af1 Missing one step,Bg2 Missing code block,41,2,56,0.152439,0.847561,0,0.628003,0.815585,0.619447,0.78833,0.08,1.0,0.0,2,0,0,0,0,0,0,0,0,0,0,0,0,0,0,0,0,0,0,0,0,0,0,1,0,0,0,0,0,0,0,0,0,0,0,0,0,0,0,1
